{
    "jadeite": {
        "version": "4.0.0"
    },
    "games": {
        "hi3rd": {
            "global": {
                "status": "verified",
                "version": "7.8.0"
            },
            "sea": {
                "status": "verified",
                "version": "7.8.0"
            },
            "china": {
                "status": "verified",
                "version": "7.8.0"
            },
            "taiwan": {
                "status": "verified",
                "version": "7.8.0"
            },
            "korea": {
                "status": "verified",
                "version": "7.8.0"
            },
            "japan": {
                "status": "verified",
                "version": "7.8.0"
            }
        },
        "hsr": {
            "global": {
                "status": "verified",
                "version": "2.5.0"
            },
            "china": {
                "status": "verified",
                "version": "2.5.0"
            }
        }
    }
}
